INSERT INTO patient (patient_id, first_name, last_name, date_of_birth, gender, allergies) 
VALUES 
    (1, 'Paul', 'Buck', '2010-05-20', 'M', 'Grass'),
    (2, 'Claire', 'Hartman', '1976-03-17', 'F', ''),
    (3, 'Manuel', 'Leon', '1960-09-28', 'F', ''),
    (4, 'Sophia', 'Beasley', '1956-03-14', 'F', ''),
    (5, 'Rhonda', 'Sanchez', '1981-09-12', 'M', ''),
    (6, 'Jennifer', 'Thomas', '1988-11-12', 'M', ''),
    (7, 'Sherri', 'Austin', '1980-08-12', 'F', ''),
    (8, 'Brian', 'Webster', '1982-04-24', 'F', 'Peanut'),
    (9, 'Caroline', 'Rocha', '1989-03-17', 'F', ''),
    (10, 'Annette', 'Wu', '1975-11-02', 'F', ''),
    (11, 'Sarah', 'Coleman', '1997-08-16', 'F', ''),
    (12, 'Alan', 'King', '1989-09-19', 'M', ''),
    (13, 'Jessica', 'Camacho', '1969-09-12', 'F', ''),
    (14, 'Kathy', 'Grant', '1989-02-04', 'M', ''),
    (15, 'Janet', 'Sanchez', '1971-07-29', 'F', ''),
    (16, 'Jesse', 'Wang', '1999-12-31', 'M', ''),
    (17, 'Elijah', 'Calhoun', '1988-06-29', 'F', ''),
    (18, 'Michael', 'Sawyer', '1995-12-04', 'M', ''),
    (19, 'Angela', 'Matthews', '1997-02-07', 'M', ''),
    (20, 'Jessica', 'Hernandez', '2003-01-30', 'M', '');

INSERT INTO department (department_id, department_name) 
VALUES 
    (1, 'Pediatrician'),
    (2, 'Cardiologist'),
    (3, 'Orthopedic Surgeon'),
    (4, 'Ophthalmologist');

INSERT INTO staff (staff_id, first_name, last_name, gender, job_type, department_id, salary, manager_id) 
VALUES
    (1, 'Eve', 'Williams', 'F', 'A', NULL, 80900, NULL),
    (2, 'Eve', 'Brown', 'M', 'D', 1, 166600, 1),
    (3, 'Eve', 'Wilson', 'F', 'D', 1, 162600, 2),
    (4, 'Charlie', 'Moore', 'M', 'D', 1, 127600, 2),
    (5, 'John', 'Brown', 'F', 'D', 1, 120300, 2),
    (7, 'Frank', 'Johnson', 'F', 'N', 1, 58600, 2),
    (8, 'Charlie', 'Williams', 'M', 'N', 1, 58000, 2),
    (9, 'Alice', 'Smith', 'F', 'N', 1, 47700, 2),
    (10, 'Grace', 'Smith', 'M', 'N', 1, 52500, 2),
    (12, 'Diana', 'Williams', 'M', 'D', 2, 183300, 1),
    (13, 'Diana', 'Jones', 'F', 'D', 2, 128300, 12),
    (14, 'Hank', 'Smith', 'M', 'D', 2, 101400, 12),
    (15, 'Diana', 'Jones', 'F', 'D', 2, 131900, 12),
    (17, 'Grace', 'Wilson', 'F', 'N', 2, 64800, 12),
    (18, 'Charlie', 'Wilson', 'F', 'N', 2, 52600, 12),
    (19, 'Diana', 'Davis', 'F', 'N', 2, 40600, 12),
    (20, 'Charlie', 'Moore', 'M', 'N', 2, 77700, 12),
    (22, 'Grace', 'Taylor', 'F', 'D', 3, 182600, 1),
    (23, 'Alice', 'Brown', 'M', 'D', 3, 152200, 22),
    (24, 'John', 'Moore', 'F', 'D', 3, 187000, 22),
    (25, 'Eve', 'Taylor', 'M', 'D', 3, 140200, 22),
    (27, 'Frank', 'Jones', 'M', 'N', 3, 59600, 22),
    (28, 'Frank', 'Davis', 'F', 'N', 3, 55100, 22),
    (29, 'Grace', 'Smith', 'F', 'N', 3, 78900, 22),
    (30, 'Jane', 'Johnson', 'M', 'N', 3, 47200, 22),
    (32, 'Alice', 'Williams', 'F', 'D', 4, 182200, 1),
    (33, 'Frank', 'Johnson', 'M', 'D', 4, 174400, 32),
    (34, 'Grace', 'Johnson', 'F', 'D', 4, 151700, 32),
    (35, 'Diana', 'Johnson', 'M', 'D', 4, 173300, 32),
    (37, 'Eve', 'Smith', 'F', 'N', 4, 47200, 32),
    (38, 'Jane', 'Wilson', 'M', 'N', 4, 66500, 32),
    (39, 'John', 'Wilson', 'F', 'N', 4, 55000, 32),
    (40, 'Bob', 'Smith', 'F', 'N', 4, 41600, 32);

INSERT INTO schedule (schedule_id, staff_id, schedule_date) 
VALUES
    -- admin
    (1, 1, '2024-09-12'),
    (2, 1, '2024-09-13'),
    (3, 1, '2024-09-14'),
    (4, 1, '2024-09-15'),
    (5, 1, '2024-09-16'),
    -- department 1 doctor
    (6, 2, '2024-09-12'),
    (7, 4, '2024-09-13'),
    (8, 2, '2024-09-14'),
    (9, 4, '2024-09-15'),
    (10, 2, '2024-09-16'),
    (11, 3, '2024-09-12'),
    (12, 5, '2024-09-13'),
    (13, 3, '2024-09-14'),
    (14, 4, '2024-09-15'),
    (15, 5, '2024-09-16'),
    -- department 1 nurse
    (16, 7, '2024-09-12'),
    (17, 9, '2024-09-13'),
    (18, 7, '2024-09-14'),
    (19, 9, '2024-09-15'),
    (20, 7, '2024-09-16'),
    (21, 8, '2024-09-12'),
    (22, 10, '2024-09-13'),
    (23, 8, '2024-09-14'),
    (24, 10, '2024-09-15'),
    (25, 10, '2024-09-16'),
    -- department 2 doctor
    (26, 12, '2024-09-12'),
    (27, 14, '2024-09-13'),
    (28, 12, '2024-09-14'),
    (29, 14, '2024-09-15'),
    (30, 12, '2024-09-16'),
    (31, 13, '2024-09-12'),
    (32, 15, '2024-09-13'),
    (33, 13, '2024-09-14'),
    (34, 14, '2024-09-15'),
    (35, 15, '2024-09-16'),
    -- department 2 nurse
    (36, 17, '2024-09-12'),
    (37, 19, '2024-09-13'),
    (38, 17, '2024-09-14'),
    (39, 19, '2024-09-15'),
    (40, 17, '2024-09-16'),
    (41, 18, '2024-09-12'),
    (42, 20, '2024-09-13'),
    (43, 18, '2024-09-14'),
    (44, 20, '2024-09-15'),
    (45, 19, '2024-09-16'),
    -- department 3 doctor
    (46, 22, '2024-09-12'),
    (47, 24, '2024-09-13'),
    (48, 22, '2024-09-14'),
    (49, 24, '2024-09-15'),
    (50, 22, '2024-09-16'),
    (51, 23, '2024-09-12'),
    (52, 25, '2024-09-13'),
    (53, 23, '2024-09-14'),
    (54, 24, '2024-09-15'),
    (55, 25, '2024-09-16'),
    -- department 3 nurse
    (56, 27, '2024-09-12'),
    (57, 29, '2024-09-13'),
    (58, 27, '2024-09-14'),
    (59, 29, '2024-09-15'),
    (60, 27, '2024-09-16'),
    (61, 28, '2024-09-12'),
    (62, 30, '2024-09-13'),
    (63, 28, '2024-09-14'),
    (64, 30, '2024-09-15'),
    (65, 28, '2024-09-16'),
    -- department 4 doctor
    (66, 32, '2024-09-12'),
    (67, 34, '2024-09-13'),
    (68, 32, '2024-09-14'),
    (69, 34, '2024-09-15'),
    (70, 32, '2024-09-16'),
    (71, 33, '2024-09-12'),
    (72, 35, '2024-09-13'),
    (73, 33, '2024-09-14'),
    (74, 34, '2024-09-15'),
    (75, 35, '2024-09-16'),
    -- department 4 nurse
    (76, 37, '2024-09-12'),
    (77, 39, '2024-09-13'),
    (78, 37, '2024-09-14'),
    (79, 39, '2024-09-15'),
    (80, 37, '2024-09-16'),
    (81, 38, '2024-09-12'),
    (82, 40, '2024-09-13'),
    (83, 38, '2024-09-14'),
    (84, 40, '2024-09-15'),
    (85, 38, '2024-09-16');

INSERT INTO treatment_history (history_id, treatment_name, patient_id, treatment_date, doctor_id) 
VALUES
    (1, 'X-ray', 6, '2024-09-02', 12),
    (2, 'Endoscopy', 3, '2024-09-04', 24),
    (3, 'Colonoscopy', 15, '2024-09-05', 5),
    (4, 'X-ray', 12, '2024-09-07', 33),
    (5, 'X-ray', 8, '2024-09-10', 14),
    (6, 'Allergy Test', 14, '2024-09-03', 5),
    (7, 'CT Scan', 2, '2024-09-07', 4),
    (8, 'Ultrasound', 7, '2024-09-09', 12),
    (9, 'Mammography', 7, '2024-09-02', 22),
    (10, 'Colonoscopy', 3, '2024-09-04', 33),
    (11,'Colonoscopy', 1, '2024-09-01', 5),
    (12, 'MRI Scan', 5, '2024-09-01', 15),
    (13, 'Blood Test', 13, '2024-09-06', 35),
    (14, 'Endoscopy', 6, '2024-09-10', 2),
    (15, 'Allergy Test', 12, '2024-09-04', 3),
    (16, 'CT Scan', 4, '2024-09-07', 21),
    (17, 'MRI Scan', 12, '2024-09-01', 23),
    (18, 'CT Scan', 6, '2024-09-06', 34),
    (19, 'MRI Scan', 15, '2024-09-08', 35),
    (20, 'Allergy Test', 9, '2024-09-08', 2);

INSERT INTO appointment (appointment_id, patient_id, schedule_id, start_time, end_time, purpose) VALUES
    (1, 1, 66, '09:00:00', '10:00:00', 'Routine Check-up'),
    (2, 2, 70, '10:00:00', '11:00:00', 'Specialist Referral'),
    (3, 3, 51, '12:00:00', '13:00:00', 'Follow-up'),
    (4, 4, 54, '15:00:00', '14:00:00', 'Routine Check-up'),
    (5, 5, 66, '12:00:00', '13:00:00', 'Specialist Referral'),
    (6, 6, 34, '08:00:00', '09:00:00', 'Follow-up'),
    (7, 7, 70, '15:00:00', '16:00:00', 'Routine Check-up'),
    (8, 8, 6, '12:00:00', '13:00:00', 'Specialist Referral'),
    (9, 9, 35, '13:00:00', '14:00:00', 'Follow-up'),
    (10, 10, 29, '12:00:00', '13:00:00', 'Routine Check-up'),
    (11, 11, 73, '11:00:00', '12:00:00', 'Specialist Referral'),
    (12, 12, 50, '15:00:00', '16:00:00', 'Follow-up'),
    (13, 13, 33, '11:00:00', '12:00:00', 'Routine Check-up'),
    (14, 14, 73, '14:00:00', '15:00:00', 'Specialist Referral'),
    (15, 15, 33, '12:00:00', '13:00:00', 'Follow-up'),
    (16, 16, 27, '11:00:00', '12:00:00', 'Consultation'),
    (17, 17, 49, '12:00:00', '13:00:00', 'Consultation'),
    (18, 18, 47, '09:00:00', '10:00:00', 'Consultation'),
    (19, 19, 14, '12:00:00', '13:00:00', 'Consultation'),
    (20, 20, 30, '13:00:00', '14:00:00', 'Consultation');